CREATE TABLE price_history_2025_04 PARTITION OF price_history FOR VALUES FROM ('2025-04-01') TO ('2025-05-01');

INSERT INTO public.product (marketplace, category, brand, product_name, created_at, url, image_url, percent_change, last_price) VALUES ('OZON', 'LAPTOP', 'MSI', 'MSI Alpha 17 C7VG-046CN Игровой ноутбук 17.3", AMD Ryzen 9 7940HX, RAM 32 ГБ, SSD 1024 ГБ, NVIDIA GeForce RTX 4070 для ноутбуков (8 Гб), Windows Pro, черный, Английская раскладка', '2025-02-22 19:35:20.674151 +00:00', 'https://www.ozon.ru/product/msi-alpha-17-c7vg-046cn-igrovoy-noutbuk-17-3-amd-ryzen-9-7940hx-ram-32-gb-ssd-1024-gb-nvidia-1760327022/', 'https://ir-7.ozone.ru/s3/multimedia-1-t/wc350/7342474637.jpg', 0, 50000);
INSERT INTO public.product (marketplace, category, brand, product_name, created_at, url, image_url, percent_change, last_price) VALUES ('OZON', 'LAPTOP', 'MSI', 'MSI Alpha 17 C7VG-046CN Ноутбук 17.3", AMD Ryzen 9 7940HX, RAM 64 ГБ, SSD, NVIDIA GeForce RTX 4070 для ноутбуков (8 Гб), Windows Pro, черный, Русская раскладка', '2025-02-22 19:35:29.201335 +00:00', 'https://www.ozon.ru/product/msi-alpha-17-c7vg-046cn-noutbuk-17-3-amd-ryzen-9-7940hx-ram-64-gb-ssd-nvidia-geforce-rtx-4070-dlya-1824161464/', 'https://ir-3.ozone.ru/s3/multimedia-1-w/wc350/7260913940.jpg', 0, 100000);
INSERT INTO public.product (marketplace, category, brand, product_name, created_at, url, image_url, percent_change, last_price) VALUES ('OZON', 'LAPTOP', 'MSI', 'MSI Alpha 17 C7VG-046CN Игровой ноутбук 17.3", AMD Ryzen 9 7940HX, RAM 16 ГБ, SSD 1024 ГБ, NVIDIA GeForce RTX 4070 для ноутбуков (8 Гб), Windows Pro, черный, Английская раскладка', '2025-02-22 19:37:41.915374 +00:00', 'https://www.ozon.ru/product/msi-alpha-17-c7vg-046cn-igrovoy-noutbuk-17-3-amd-ryzen-9-7940hx-ram-16-gb-ssd-1024-gb-nvidia-1553705287/', 'https://ir.ozone.ru/s3/multimedia-1-s/wc350/7342415524.jpg', 0, 100000);
INSERT INTO public.product (marketplace, category, brand, product_name, created_at, url, image_url, percent_change, last_price) VALUES ('OZON', 'LAPTOP', 'MSI', 'MSI Alpha 17 C7VG-046CN Игровой ноутбук 17.3", AMD Ryzen 9 7940HX, RAM 32 ГБ, SSD, NVIDIA GeForce RTX 4070 для ноутбуков (8 Гб), Windows Pro, черный, Русская раскладка', '2025-02-22 19:37:42.800830 +00:00', 'https://www.ozon.ru/product/msi-alpha-17-c7vg-046cn-igrovoy-noutbuk-17-3-amd-ryzen-9-7940hx-ram-32-gb-ssd-nvidia-geforce-rtx-1826945055/', 'https://ir.ozone.ru/s3/multimedia-1-6/wc350/7314411642.jpg', 0, 100000);
INSERT INTO public.product (marketplace, category, brand, product_name, created_at, url, image_url, percent_change, last_price) VALUES ('OZON', 'LAPTOP', 'MSI', 'MSI Alpha 17 C7VG-046CN Игровой ноутбук 17.3", AMD Ryzen 9 7940HX, RAM 16 ГБ, SSD, NVIDIA GeForce RTX 4070 для ноутбуков (8 Гб), Windows Pro, черный, Русская раскладка', '2025-02-22 19:37:42.994694 +00:00', 'https://www.ozon.ru/product/msi-alpha-17-c7vg-046cn-igrovoy-noutbuk-17-3-amd-ryzen-9-7940hx-ram-16-gb-ssd-nvidia-geforce-rtx-1826946264/', 'https://ir.ozone.ru/s3/multimedia-1-2/wc350/7314411710.jpg', 0, 100000);
INSERT INTO public.product (marketplace, category, brand, product_name, created_at, url, image_url, percent_change, last_price) VALUES ('OZON', 'LAPTOP', 'MSI', 'MSI Alpha 17 C7VG-046CN Игровой ноутбук 17.3", AMD Ryzen 9 7940HX, RAM 32 ГБ, SSD 1024 ГБ, NVIDIA GeForce RTX 4070 для ноутбуков (8 Гб), Windows Pro, черный матовый, Английская раскладка', '2025-02-22 19:37:46.145343 +00:00', 'https://www.ozon.ru/product/msi-alpha-17-c7vf-060cn-igrovoy-noutbuk-17-3-amd-ryzen-9-7940hx-ram-32-gb-ssd-1024-gb-nvidia-geforce-1803938353/', 'https://ir.ozone.ru/s3/multimedia-1-t/wc350/7339622141.jpg', 0, 100000);
INSERT INTO public.product (marketplace, category, brand, product_name, created_at, url, image_url, percent_change, last_price) VALUES ('OZON', 'LAPTOP', 'MSI', 'MSI Alpha 17 C7VG-046CN Игровой ноутбук 17.3", AMD Ryzen 9 7940HX, RAM 32 ГБ, SSD, NVIDIA GeForce RTX 4070 для ноутбуков (8 Гб), Windows Pro, черный, Русская раскладка', '2025-02-22 19:39:08.746141 +00:00', 'https://www.ozon.ru/product/msi-alpha-17-c7vg-046cn-igrovoy-noutbuk-17-3-amd-ryzen-9-7940hx-ram-32-gb-ssd-nvidia-geforce-rtx-1826946332/', 'https://ir.ozone.ru/s3/multimedia-1-r/wc350/7265654379.jpg', 0, 100000);
INSERT INTO public.product (marketplace, category, brand, product_name, created_at, url, image_url, percent_change, last_price) VALUES ('OZON', 'LAPTOP', 'MSI', 'MSI Alpha 17 C7VG-046CN Игровой ноутбук 17.3", AMD Ryzen 9 7940HX, RAM 64 ГБ, SSD, NVIDIA GeForce RTX 4070 для ноутбуков (8 Гб), Windows Pro, черный, Русская раскладка', '2025-02-22 19:39:10.103642 +00:00', 'https://www.ozon.ru/product/msi-alpha-17-c7vg-046cn-igrovoy-noutbuk-17-3-amd-ryzen-9-7940hx-ram-64-gb-ssd-nvidia-geforce-rtx-1826944978/', 'https://ir.ozone.ru/s3/multimedia-1-9/wc350/7265654361.jpg', 0, 100000);
INSERT INTO public.product (marketplace, category, brand, product_name, created_at, url, image_url, percent_change, last_price) VALUES ('OZON', 'LAPTOP', 'MSI', 'MSI Alpha 17 C7VG-046CN Игровой ноутбук 17.3", AMD Ryzen 9 7940HX, RAM 64 ГБ, SSD, NVIDIA GeForce RTX 4070 для ноутбуков (8 Гб), Windows Pro, черный, Русская раскладка', '2025-02-22 19:39:15.199494 +00:00', 'https://www.ozon.ru/product/msi-alpha-17-c7vg-046cn-igrovoy-noutbuk-17-3-amd-ryzen-9-7940hx-ram-64-gb-ssd-nvidia-geforce-rtx-1826945940/', 'https://ir.ozone.ru/s3/multimedia-1-p/wc350/7314411697.jpg', 0, 100000);
INSERT INTO public.product (marketplace, category, brand, product_name, created_at, url, image_url, percent_change, last_price) VALUES ('OZON', 'LAPTOP', 'MSI', 'MSI Alpha 17 C7VG-046CN Игровой ноутбук 17.3", AMD Ryzen 9 7940HX, RAM 16 ГБ, SSD, NVIDIA GeForce RTX 4070 для ноутбуков (8 Гб), Windows Pro, черный матовый, Английская раскладка', '2025-02-22 19:39:16.223317 +00:00', 'https://www.ozon.ru/product/msi-alpha-17-c7vg-046cn-igrovoy-noutbuk-17-3-amd-ryzen-9-7940hx-ram-16-gb-ssd-nvidia-geforce-1809461896/', 'https://ir.ozone.ru/s3/multimedia-1-n/wc350/7265551307.jpg', 0, 100000);

INSERT INTO public.attribute (id, name, "group") VALUES (70, 'CPU_NAME', 'LAPTOP_PROCESSOR');
INSERT INTO public.attribute (id, name, "group") VALUES (71, 'BRAND_NAME', 'LAPTOP_PROCESSOR');
INSERT INTO public.attribute (id, name, "group") VALUES (72, 'MODEL_NAME', 'LAPTOP_PROCESSOR');
INSERT INTO public.attribute (id, name, "group") VALUES (73, 'FREQUENCY', 'LAPTOP_PROCESSOR');
INSERT INTO public.attribute (id, name, "group") VALUES (74, 'NUM_OF_CORES', 'LAPTOP_PROCESSOR');
INSERT INTO public.attribute (id, name, "group") VALUES (75, 'NUM_OF_THREADS', 'LAPTOP_PROCESSOR');
INSERT INTO public.attribute (id, name, "group") VALUES (76, 'DIAGONAL', 'LAPTOP_DISPLAY');
INSERT INTO public.attribute (id, name, "group") VALUES (13671, 'VENDOR_CODE', 'LAPTOP_INFO');
INSERT INTO public.attribute (id, name, "group") VALUES (13672, 'PART_NUMBER', 'LAPTOP_INFO');
INSERT INTO public.attribute (id, name, "group") VALUES (77, 'TECHNOLOGY_MATRIX', 'LAPTOP_DISPLAY');
INSERT INTO public.attribute (id, name, "group") VALUES (78, 'SCREEN_COVER', 'LAPTOP_DISPLAY');
INSERT INTO public.attribute (id, name, "group") VALUES (79, 'RESOLUTION', 'LAPTOP_DISPLAY');
INSERT INTO public.attribute (id, name, "group") VALUES (80, 'MAX_FREQUENCY_SCREEN', 'LAPTOP_DISPLAY');
INSERT INTO public.attribute (id, name, "group") VALUES (81, 'SENSOR_SCREEN', 'LAPTOP_DISPLAY');
INSERT INTO public.attribute (id, name, "group") VALUES (82, 'GPU_NAME', 'LAPTOP_GPU');
INSERT INTO public.attribute (id, name, "group") VALUES (83, 'GPU_TYPE', 'LAPTOP_GPU');
INSERT INTO public.attribute (id, name, "group") VALUES (84, 'GPU_BRAND', 'LAPTOP_GPU');
INSERT INTO public.attribute (id, name, "group") VALUES (85, 'VIDEO_MEMORY', 'LAPTOP_GPU');
INSERT INTO public.attribute (id, name, "group") VALUES (92, 'RAM', 'LAPTOP_RAM');
INSERT INTO public.attribute (id, name, "group") VALUES (93, 'RAM_TYPE', 'LAPTOP_RAM');
INSERT INTO public.attribute (id, name, "group") VALUES (94, 'UPGRADE_CAPABILITY', 'LAPTOP_RAM');
INSERT INTO public.attribute (id, name, "group") VALUES (225, 'VOLUME_SSD', 'LAPTOP_STORAGE');
INSERT INTO public.attribute (id, name, "group") VALUES (226, 'VOLUME_HDD', 'LAPTOP_STORAGE');
INSERT INTO public.attribute (id, name, "group") VALUES (227, 'TYPE', 'LAPTOP_STORAGE');
INSERT INTO public.attribute (id, name, "group") VALUES (228, 'NUM_SSD', 'LAPTOP_STORAGE');
INSERT INTO public.attribute (id, name, "group") VALUES (229, 'NUM_HDD', 'LAPTOP_STORAGE');
INSERT INTO public.attribute (id, name, "group") VALUES (230, 'SSD_FORM_FACTOR', 'LAPTOP_STORAGE');
INSERT INTO public.attribute (id, name, "group") VALUES (231, 'HDD_FORM_FACTOR', 'LAPTOP_STORAGE');

INSERT INTO public.product_attribute (product_url, attribute_id, value_type, value, unit) VALUES ('https://www.ozon.ru/product/msi-alpha-17-c7vf-060cn-igrovoy-noutbuk-17-3-amd-ryzen-9-7940hx-ram-32-gb-ssd-1024-gb-nvidia-geforce-1803938353/', 70, 'STRING', 'AMD Ryzen 9 7940HX', null);
INSERT INTO public.product_attribute (product_url, attribute_id, value_type, value, unit) VALUES ('https://www.ozon.ru/product/msi-alpha-17-c7vf-060cn-igrovoy-noutbuk-17-3-amd-ryzen-9-7940hx-ram-32-gb-ssd-1024-gb-nvidia-geforce-1803938353/', 71, 'STRING', 'AMD', null);
INSERT INTO public.product_attribute (product_url, attribute_id, value_type, value, unit) VALUES ('https://www.ozon.ru/product/msi-alpha-17-c7vf-060cn-igrovoy-noutbuk-17-3-amd-ryzen-9-7940hx-ram-32-gb-ssd-1024-gb-nvidia-geforce-1803938353/', 72, 'STRING', 'AMD Ryzen 9', null);
INSERT INTO public.product_attribute (product_url, attribute_id, value_type, value, unit) VALUES ('https://www.ozon.ru/product/msi-alpha-17-c7vf-060cn-igrovoy-noutbuk-17-3-amd-ryzen-9-7940hx-ram-32-gb-ssd-1024-gb-nvidia-geforce-1803938353/', 73, 'NUMBER', '2.4', 'ГГц');
INSERT INTO public.product_attribute (product_url, attribute_id, value_type, value, unit) VALUES ('https://www.ozon.ru/product/msi-alpha-17-c7vf-060cn-igrovoy-noutbuk-17-3-amd-ryzen-9-7940hx-ram-32-gb-ssd-1024-gb-nvidia-geforce-1803938353/', 74, 'NUMBER', '16', null);
INSERT INTO public.product_attribute (product_url, attribute_id, value_type, value, unit) VALUES ('https://www.ozon.ru/product/msi-alpha-17-c7vf-060cn-igrovoy-noutbuk-17-3-amd-ryzen-9-7940hx-ram-32-gb-ssd-1024-gb-nvidia-geforce-1803938353/', 76, 'NUMBER', '17.3', 'дюймы');
INSERT INTO public.product_attribute (product_url, attribute_id, value_type, value, unit) VALUES ('https://www.ozon.ru/product/msi-alpha-17-c7vf-060cn-igrovoy-noutbuk-17-3-amd-ryzen-9-7940hx-ram-32-gb-ssd-1024-gb-nvidia-geforce-1803938353/', 78, 'STRING', 'Глянцевое', null);
INSERT INTO public.product_attribute (product_url, attribute_id, value_type, value, unit) VALUES ('https://www.ozon.ru/product/msi-alpha-17-c7vf-060cn-igrovoy-noutbuk-17-3-amd-ryzen-9-7940hx-ram-32-gb-ssd-1024-gb-nvidia-geforce-1803938353/', 79, 'STRING', '2560x1440', null);
INSERT INTO public.product_attribute (product_url, attribute_id, value_type, value, unit) VALUES ('https://www.ozon.ru/product/msi-alpha-17-c7vf-060cn-igrovoy-noutbuk-17-3-amd-ryzen-9-7940hx-ram-32-gb-ssd-1024-gb-nvidia-geforce-1803938353/', 80, 'NUMBER', '240', 'ГЦ');
INSERT INTO public.product_attribute (product_url, attribute_id, value_type, value, unit) VALUES ('https://www.ozon.ru/product/msi-alpha-17-c7vf-060cn-igrovoy-noutbuk-17-3-amd-ryzen-9-7940hx-ram-32-gb-ssd-1024-gb-nvidia-geforce-1803938353/', 81, 'STRING', 'Нет', null);
INSERT INTO public.product_attribute (product_url, attribute_id, value_type, value, unit) VALUES ('https://www.ozon.ru/product/msi-alpha-17-c7vf-060cn-igrovoy-noutbuk-17-3-amd-ryzen-9-7940hx-ram-32-gb-ssd-1024-gb-nvidia-geforce-1803938353/', 82, 'STRING', 'NVIDIA GeForce RTX 4070 для ноутбуков (8 Гб)', 'ГБ');
INSERT INTO public.product_attribute (product_url, attribute_id, value_type, value, unit) VALUES ('https://www.ozon.ru/product/msi-alpha-17-c7vf-060cn-igrovoy-noutbuk-17-3-amd-ryzen-9-7940hx-ram-32-gb-ssd-1024-gb-nvidia-geforce-1803938353/', 83, 'STRING', 'Гибридная', null);
INSERT INTO public.product_attribute (product_url, attribute_id, value_type, value, unit) VALUES ('https://www.ozon.ru/product/msi-alpha-17-c7vf-060cn-igrovoy-noutbuk-17-3-amd-ryzen-9-7940hx-ram-32-gb-ssd-1024-gb-nvidia-geforce-1803938353/', 84, 'STRING', 'AMD', null);
INSERT INTO public.product_attribute (product_url, attribute_id, value_type, value, unit) VALUES ('https://www.ozon.ru/product/msi-alpha-17-c7vf-060cn-igrovoy-noutbuk-17-3-amd-ryzen-9-7940hx-ram-32-gb-ssd-1024-gb-nvidia-geforce-1803938353/', 92, 'NUMBER', '32', 'ГБ');
INSERT INTO public.product_attribute (product_url, attribute_id, value_type, value, unit) VALUES ('https://www.ozon.ru/product/msi-alpha-17-c7vf-060cn-igrovoy-noutbuk-17-3-amd-ryzen-9-7940hx-ram-32-gb-ssd-1024-gb-nvidia-geforce-1803938353/', 93, 'STRING', 'DDR5', null);
INSERT INTO public.product_attribute (product_url, attribute_id, value_type, value, unit) VALUES ('https://www.ozon.ru/product/msi-alpha-17-c7vf-060cn-igrovoy-noutbuk-17-3-amd-ryzen-9-7940hx-ram-32-gb-ssd-1024-gb-nvidia-geforce-1803938353/', 94, 'STRING', '64 ГБ', 'ГБ');
INSERT INTO public.product_attribute (product_url, attribute_id, value_type, value, unit) VALUES ('https://www.ozon.ru/product/msi-alpha-17-c7vf-060cn-igrovoy-noutbuk-17-3-amd-ryzen-9-7940hx-ram-32-gb-ssd-1024-gb-nvidia-geforce-1803938353/', 225, 'NUMBER', '1024', 'ГБ');
INSERT INTO public.product_attribute (product_url, attribute_id, value_type, value, unit) VALUES ('https://www.ozon.ru/product/msi-alpha-17-c7vf-060cn-igrovoy-noutbuk-17-3-amd-ryzen-9-7940hx-ram-32-gb-ssd-1024-gb-nvidia-geforce-1803938353/', 227, 'STRING', 'SSD', null);
INSERT INTO public.product_attribute (product_url, attribute_id, value_type, value, unit) VALUES ('https://www.ozon.ru/product/msi-alpha-17-c7vf-060cn-igrovoy-noutbuk-17-3-amd-ryzen-9-7940hx-ram-32-gb-ssd-1024-gb-nvidia-geforce-1803938353/', 228, 'NUMBER', '1', null);
INSERT INTO public.product_attribute (product_url, attribute_id, value_type, value, unit) VALUES ('https://www.ozon.ru/product/msi-alpha-17-c7vf-060cn-igrovoy-noutbuk-17-3-amd-ryzen-9-7940hx-ram-32-gb-ssd-1024-gb-nvidia-geforce-1803938353/', 229, 'NUMBER', '1', null);
INSERT INTO public.product_attribute (product_url, attribute_id, value_type, value, unit) VALUES ('https://www.ozon.ru/product/msi-alpha-17-c7vf-060cn-igrovoy-noutbuk-17-3-amd-ryzen-9-7940hx-ram-32-gb-ssd-1024-gb-nvidia-geforce-1803938353/', 230, 'STRING', 'M.2', null);
INSERT INTO public.product_attribute (product_url, attribute_id, value_type, value, unit) VALUES ('https://www.ozon.ru/product/msi-alpha-17-c7vg-046cn-igrovoy-noutbuk-17-3-amd-ryzen-9-7940hx-ram-16-gb-ssd-nvidia-geforce-1809461896/', 70, 'STRING', 'AMD Ryzen 9 7940HX', null);
INSERT INTO public.product_attribute (product_url, attribute_id, value_type, value, unit) VALUES ('https://www.ozon.ru/product/msi-alpha-17-c7vg-046cn-igrovoy-noutbuk-17-3-amd-ryzen-9-7940hx-ram-16-gb-ssd-nvidia-geforce-1809461896/', 71, 'STRING', 'AMD', null);
INSERT INTO public.product_attribute (product_url, attribute_id, value_type, value, unit) VALUES ('https://www.ozon.ru/product/msi-alpha-17-c7vg-046cn-igrovoy-noutbuk-17-3-amd-ryzen-9-7940hx-ram-16-gb-ssd-nvidia-geforce-1809461896/', 72, 'STRING', 'AMD Ryzen 9', null);
INSERT INTO public.product_attribute (product_url, attribute_id, value_type, value, unit) VALUES ('https://www.ozon.ru/product/msi-alpha-17-c7vg-046cn-igrovoy-noutbuk-17-3-amd-ryzen-9-7940hx-ram-16-gb-ssd-nvidia-geforce-1809461896/', 73, 'NUMBER', '2.4', 'ГГц');
INSERT INTO public.product_attribute (product_url, attribute_id, value_type, value, unit) VALUES ('https://www.ozon.ru/product/msi-alpha-17-c7vg-046cn-igrovoy-noutbuk-17-3-amd-ryzen-9-7940hx-ram-16-gb-ssd-nvidia-geforce-1809461896/', 74, 'NUMBER', '16', null);
INSERT INTO public.product_attribute (product_url, attribute_id, value_type, value, unit) VALUES ('https://www.ozon.ru/product/msi-alpha-17-c7vg-046cn-igrovoy-noutbuk-17-3-amd-ryzen-9-7940hx-ram-16-gb-ssd-nvidia-geforce-1809461896/', 76, 'NUMBER', '17.3', 'дюймы');
INSERT INTO public.product_attribute (product_url, attribute_id, value_type, value, unit) VALUES ('https://www.ozon.ru/product/msi-alpha-17-c7vg-046cn-igrovoy-noutbuk-17-3-amd-ryzen-9-7940hx-ram-16-gb-ssd-nvidia-geforce-1809461896/', 78, 'STRING', 'Глянцевое', null);
INSERT INTO public.product_attribute (product_url, attribute_id, value_type, value, unit) VALUES ('https://www.ozon.ru/product/msi-alpha-17-c7vg-046cn-igrovoy-noutbuk-17-3-amd-ryzen-9-7940hx-ram-16-gb-ssd-nvidia-geforce-1809461896/', 79, 'STRING', '2560x1440', null);
INSERT INTO public.product_attribute (product_url, attribute_id, value_type, value, unit) VALUES ('https://www.ozon.ru/product/msi-alpha-17-c7vg-046cn-igrovoy-noutbuk-17-3-amd-ryzen-9-7940hx-ram-16-gb-ssd-nvidia-geforce-1809461896/', 80, 'NUMBER', '240', 'ГЦ');
INSERT INTO public.product_attribute (product_url, attribute_id, value_type, value, unit) VALUES ('https://www.ozon.ru/product/msi-alpha-17-c7vg-046cn-igrovoy-noutbuk-17-3-amd-ryzen-9-7940hx-ram-16-gb-ssd-nvidia-geforce-1809461896/', 81, 'STRING', 'Нет', null);
INSERT INTO public.product_attribute (product_url, attribute_id, value_type, value, unit) VALUES ('https://www.ozon.ru/product/msi-alpha-17-c7vg-046cn-igrovoy-noutbuk-17-3-amd-ryzen-9-7940hx-ram-16-gb-ssd-nvidia-geforce-1809461896/', 82, 'STRING', 'NVIDIA GeForce RTX 4070 для ноутбуков (8 Гб)', 'ГБ');
INSERT INTO public.product_attribute (product_url, attribute_id, value_type, value, unit) VALUES ('https://www.ozon.ru/product/msi-alpha-17-c7vg-046cn-igrovoy-noutbuk-17-3-amd-ryzen-9-7940hx-ram-16-gb-ssd-nvidia-geforce-1809461896/', 83, 'STRING', 'Встроенная', null);
INSERT INTO public.product_attribute (product_url, attribute_id, value_type, value, unit) VALUES ('https://www.ozon.ru/product/msi-alpha-17-c7vg-046cn-igrovoy-noutbuk-17-3-amd-ryzen-9-7940hx-ram-16-gb-ssd-nvidia-geforce-1809461896/', 84, 'STRING', 'AMD', null);
INSERT INTO public.product_attribute (product_url, attribute_id, value_type, value, unit) VALUES ('https://www.ozon.ru/product/msi-alpha-17-c7vg-046cn-igrovoy-noutbuk-17-3-amd-ryzen-9-7940hx-ram-16-gb-ssd-nvidia-geforce-1809461896/', 92, 'NUMBER', '16', 'ГБ');
INSERT INTO public.product_attribute (product_url, attribute_id, value_type, value, unit) VALUES ('https://www.ozon.ru/product/msi-alpha-17-c7vg-046cn-igrovoy-noutbuk-17-3-amd-ryzen-9-7940hx-ram-16-gb-ssd-nvidia-geforce-1809461896/', 93, 'STRING', 'DDR5', null);
INSERT INTO public.product_attribute (product_url, attribute_id, value_type, value, unit) VALUES ('https://www.ozon.ru/product/msi-alpha-17-c7vg-046cn-igrovoy-noutbuk-17-3-amd-ryzen-9-7940hx-ram-16-gb-ssd-nvidia-geforce-1809461896/', 94, 'STRING', '64 ГБ', 'ГБ');
INSERT INTO public.product_attribute (product_url, attribute_id, value_type, value, unit) VALUES ('https://www.ozon.ru/product/msi-alpha-17-c7vg-046cn-igrovoy-noutbuk-17-3-amd-ryzen-9-7940hx-ram-16-gb-ssd-nvidia-geforce-1809461896/', 225, 'NUMBER', '1024', 'ГБ');
INSERT INTO public.product_attribute (product_url, attribute_id, value_type, value, unit) VALUES ('https://www.ozon.ru/product/msi-alpha-17-c7vg-046cn-igrovoy-noutbuk-17-3-amd-ryzen-9-7940hx-ram-16-gb-ssd-nvidia-geforce-1809461896/', 227, 'STRING', 'SSD', null);
INSERT INTO public.product_attribute (product_url, attribute_id, value_type, value, unit) VALUES ('https://www.ozon.ru/product/msi-alpha-17-c7vg-046cn-igrovoy-noutbuk-17-3-amd-ryzen-9-7940hx-ram-16-gb-ssd-nvidia-geforce-1809461896/', 228, 'NUMBER', '1', null);
INSERT INTO public.product_attribute (product_url, attribute_id, value_type, value, unit) VALUES ('https://www.ozon.ru/product/msi-alpha-17-c7vg-046cn-igrovoy-noutbuk-17-3-amd-ryzen-9-7940hx-ram-16-gb-ssd-nvidia-geforce-1809461896/', 229, 'NUMBER', '1', null);
INSERT INTO public.product_attribute (product_url, attribute_id, value_type, value, unit) VALUES ('https://www.ozon.ru/product/msi-alpha-17-c7vg-046cn-igrovoy-noutbuk-17-3-amd-ryzen-9-7940hx-ram-16-gb-ssd-nvidia-geforce-1809461896/', 230, 'STRING', 'M.2', null);
INSERT INTO public.product_attribute (product_url, attribute_id, value_type, value, unit) VALUES ('https://www.ozon.ru/product/msi-alpha-17-c7vg-046cn-igrovoy-noutbuk-17-3-amd-ryzen-9-7940hx-ram-16-gb-ssd-nvidia-geforce-1809461896/', 231, 'STRING', 'M.2', null);
INSERT INTO public.product_attribute (product_url, attribute_id, value_type, value, unit) VALUES ('https://www.ozon.ru/product/msi-alpha-17-c7vg-046cn-igrovoy-noutbuk-17-3-amd-ryzen-9-7940hx-ram-16-gb-ssd-nvidia-geforce-rtx-1826946264/', 70, 'STRING', 'AMD Ryzen 9 7940HX', null);
INSERT INTO public.product_attribute (product_url, attribute_id, value_type, value, unit) VALUES ('https://www.ozon.ru/product/msi-alpha-17-c7vg-046cn-igrovoy-noutbuk-17-3-amd-ryzen-9-7940hx-ram-16-gb-ssd-nvidia-geforce-rtx-1826946264/', 71, 'STRING', 'AMD', null);
INSERT INTO public.product_attribute (product_url, attribute_id, value_type, value, unit) VALUES ('https://www.ozon.ru/product/msi-alpha-17-c7vg-046cn-igrovoy-noutbuk-17-3-amd-ryzen-9-7940hx-ram-16-gb-ssd-nvidia-geforce-rtx-1826946264/', 72, 'STRING', 'AMD Ryzen 9', null);
INSERT INTO public.product_attribute (product_url, attribute_id, value_type, value, unit) VALUES ('https://www.ozon.ru/product/msi-alpha-17-c7vg-046cn-igrovoy-noutbuk-17-3-amd-ryzen-9-7940hx-ram-16-gb-ssd-nvidia-geforce-rtx-1826946264/', 73, 'NUMBER', '2.3', 'ГГц');
INSERT INTO public.product_attribute (product_url, attribute_id, value_type, value, unit) VALUES ('https://www.ozon.ru/product/msi-alpha-17-c7vg-046cn-igrovoy-noutbuk-17-3-amd-ryzen-9-7940hx-ram-16-gb-ssd-nvidia-geforce-rtx-1826946264/', 74, 'NUMBER', '16', null);
INSERT INTO public.product_attribute (product_url, attribute_id, value_type, value, unit) VALUES ('https://www.ozon.ru/product/msi-alpha-17-c7vg-046cn-igrovoy-noutbuk-17-3-amd-ryzen-9-7940hx-ram-16-gb-ssd-nvidia-geforce-rtx-1826946264/', 76, 'NUMBER', '17.3', 'дюймы');
INSERT INTO public.product_attribute (product_url, attribute_id, value_type, value, unit) VALUES ('https://www.ozon.ru/product/msi-alpha-17-c7vg-046cn-igrovoy-noutbuk-17-3-amd-ryzen-9-7940hx-ram-16-gb-ssd-nvidia-geforce-rtx-1826946264/', 77, 'STRING', 'IPS', null);
INSERT INTO public.product_attribute (product_url, attribute_id, value_type, value, unit) VALUES ('https://www.ozon.ru/product/msi-alpha-17-c7vg-046cn-igrovoy-noutbuk-17-3-amd-ryzen-9-7940hx-ram-16-gb-ssd-nvidia-geforce-rtx-1826946264/', 78, 'STRING', 'Матовое', null);
INSERT INTO public.product_attribute (product_url, attribute_id, value_type, value, unit) VALUES ('https://www.ozon.ru/product/msi-alpha-17-c7vg-046cn-igrovoy-noutbuk-17-3-amd-ryzen-9-7940hx-ram-16-gb-ssd-nvidia-geforce-rtx-1826946264/', 79, 'STRING', '2560x1440', null);
INSERT INTO public.product_attribute (product_url, attribute_id, value_type, value, unit) VALUES ('https://www.ozon.ru/product/msi-alpha-17-c7vg-046cn-igrovoy-noutbuk-17-3-amd-ryzen-9-7940hx-ram-16-gb-ssd-nvidia-geforce-rtx-1826946264/', 80, 'NUMBER', '240', 'ГЦ');
INSERT INTO public.product_attribute (product_url, attribute_id, value_type, value, unit) VALUES ('https://www.ozon.ru/product/msi-alpha-17-c7vg-046cn-igrovoy-noutbuk-17-3-amd-ryzen-9-7940hx-ram-16-gb-ssd-nvidia-geforce-rtx-1826946264/', 81, 'STRING', 'Нет', null);
INSERT INTO public.product_attribute (product_url, attribute_id, value_type, value, unit) VALUES ('https://www.ozon.ru/product/msi-alpha-17-c7vg-046cn-igrovoy-noutbuk-17-3-amd-ryzen-9-7940hx-ram-16-gb-ssd-nvidia-geforce-rtx-1826946264/', 82, 'STRING', 'NVIDIA GeForce RTX 4070 для ноутбуков (8 Гб)', 'ГБ');
INSERT INTO public.product_attribute (product_url, attribute_id, value_type, value, unit) VALUES ('https://www.ozon.ru/product/msi-alpha-17-c7vg-046cn-igrovoy-noutbuk-17-3-amd-ryzen-9-7940hx-ram-16-gb-ssd-nvidia-geforce-rtx-1826946264/', 83, 'STRING', 'Встроенная', null);
INSERT INTO public.product_attribute (product_url, attribute_id, value_type, value, unit) VALUES ('https://www.ozon.ru/product/msi-alpha-17-c7vg-046cn-igrovoy-noutbuk-17-3-amd-ryzen-9-7940hx-ram-16-gb-ssd-nvidia-geforce-rtx-1826946264/', 84, 'STRING', 'NVIDIA', null);
INSERT INTO public.product_attribute (product_url, attribute_id, value_type, value, unit) VALUES ('https://www.ozon.ru/product/msi-alpha-17-c7vg-046cn-igrovoy-noutbuk-17-3-amd-ryzen-9-7940hx-ram-16-gb-ssd-nvidia-geforce-rtx-1826946264/', 85, 'NUMBER', '8', 'ГБ');
INSERT INTO public.product_attribute (product_url, attribute_id, value_type, value, unit) VALUES ('https://www.ozon.ru/product/msi-alpha-17-c7vg-046cn-igrovoy-noutbuk-17-3-amd-ryzen-9-7940hx-ram-16-gb-ssd-nvidia-geforce-rtx-1826946264/', 92, 'NUMBER', '16', 'ГБ');
INSERT INTO public.product_attribute (product_url, attribute_id, value_type, value, unit) VALUES ('https://www.ozon.ru/product/msi-alpha-17-c7vg-046cn-igrovoy-noutbuk-17-3-amd-ryzen-9-7940hx-ram-16-gb-ssd-nvidia-geforce-rtx-1826946264/', 93, 'STRING', 'DDR5', null);
INSERT INTO public.product_attribute (product_url, attribute_id, value_type, value, unit) VALUES ('https://www.ozon.ru/product/msi-alpha-17-c7vg-046cn-igrovoy-noutbuk-17-3-amd-ryzen-9-7940hx-ram-16-gb-ssd-nvidia-geforce-rtx-1826946264/', 94, 'STRING', '96 ГБ', 'ГБ');
INSERT INTO public.product_attribute (product_url, attribute_id, value_type, value, unit) VALUES ('https://www.ozon.ru/product/msi-alpha-17-c7vg-046cn-igrovoy-noutbuk-17-3-amd-ryzen-9-7940hx-ram-16-gb-ssd-nvidia-geforce-rtx-1826946264/', 225, 'NUMBER', '1024', 'ГБ');
INSERT INTO public.product_attribute (product_url, attribute_id, value_type, value, unit) VALUES ('https://www.ozon.ru/product/msi-alpha-17-c7vg-046cn-igrovoy-noutbuk-17-3-amd-ryzen-9-7940hx-ram-16-gb-ssd-nvidia-geforce-rtx-1826946264/', 227, 'STRING', 'SSD', null);
INSERT INTO public.product_attribute (product_url, attribute_id, value_type, value, unit) VALUES ('https://www.ozon.ru/product/msi-alpha-17-c7vg-046cn-igrovoy-noutbuk-17-3-amd-ryzen-9-7940hx-ram-16-gb-ssd-nvidia-geforce-rtx-1826946264/', 228, 'NUMBER', '1', null);
INSERT INTO public.product_attribute (product_url, attribute_id, value_type, value, unit) VALUES ('https://www.ozon.ru/product/msi-alpha-17-c7vg-046cn-igrovoy-noutbuk-17-3-amd-ryzen-9-7940hx-ram-16-gb-ssd-nvidia-geforce-rtx-1826946264/', 230, 'STRING', 'M.2', null);
INSERT INTO public.product_attribute (product_url, attribute_id, value_type, value, unit) VALUES ('https://www.ozon.ru/product/msi-alpha-17-c7vg-046cn-igrovoy-noutbuk-17-3-amd-ryzen-9-7940hx-ram-32-gb-ssd-nvidia-geforce-rtx-1826945055/', 70, 'STRING', 'AMD Ryzen 9 7940HX', null);
INSERT INTO public.product_attribute (product_url, attribute_id, value_type, value, unit) VALUES ('https://www.ozon.ru/product/msi-alpha-17-c7vg-046cn-igrovoy-noutbuk-17-3-amd-ryzen-9-7940hx-ram-32-gb-ssd-nvidia-geforce-rtx-1826945055/', 71, 'STRING', 'AMD', null);
INSERT INTO public.product_attribute (product_url, attribute_id, value_type, value, unit) VALUES ('https://www.ozon.ru/product/msi-alpha-17-c7vg-046cn-igrovoy-noutbuk-17-3-amd-ryzen-9-7940hx-ram-32-gb-ssd-nvidia-geforce-rtx-1826945055/', 72, 'STRING', 'AMD Ryzen 9', null);
INSERT INTO public.product_attribute (product_url, attribute_id, value_type, value, unit) VALUES ('https://www.ozon.ru/product/msi-alpha-17-c7vg-046cn-igrovoy-noutbuk-17-3-amd-ryzen-9-7940hx-ram-32-gb-ssd-nvidia-geforce-rtx-1826945055/', 73, 'NUMBER', '2.3', 'ГГц');
INSERT INTO public.product_attribute (product_url, attribute_id, value_type, value, unit) VALUES ('https://www.ozon.ru/product/msi-alpha-17-c7vg-046cn-igrovoy-noutbuk-17-3-amd-ryzen-9-7940hx-ram-32-gb-ssd-nvidia-geforce-rtx-1826945055/', 74, 'NUMBER', '16', null);
INSERT INTO public.product_attribute (product_url, attribute_id, value_type, value, unit) VALUES ('https://www.ozon.ru/product/msi-alpha-17-c7vg-046cn-igrovoy-noutbuk-17-3-amd-ryzen-9-7940hx-ram-32-gb-ssd-nvidia-geforce-rtx-1826945055/', 76, 'NUMBER', '17.3', 'дюймы');
INSERT INTO public.product_attribute (product_url, attribute_id, value_type, value, unit) VALUES ('https://www.ozon.ru/product/msi-alpha-17-c7vg-046cn-igrovoy-noutbuk-17-3-amd-ryzen-9-7940hx-ram-32-gb-ssd-nvidia-geforce-rtx-1826945055/', 77, 'STRING', 'IPS', null);
INSERT INTO public.product_attribute (product_url, attribute_id, value_type, value, unit) VALUES ('https://www.ozon.ru/product/msi-alpha-17-c7vg-046cn-igrovoy-noutbuk-17-3-amd-ryzen-9-7940hx-ram-32-gb-ssd-nvidia-geforce-rtx-1826945055/', 78, 'STRING', 'Матовое', null);
INSERT INTO public.product_attribute (product_url, attribute_id, value_type, value, unit) VALUES ('https://www.ozon.ru/product/msi-alpha-17-c7vg-046cn-igrovoy-noutbuk-17-3-amd-ryzen-9-7940hx-ram-32-gb-ssd-nvidia-geforce-rtx-1826945055/', 79, 'STRING', '2560x1440', null);
INSERT INTO public.product_attribute (product_url, attribute_id, value_type, value, unit) VALUES ('https://www.ozon.ru/product/msi-alpha-17-c7vg-046cn-igrovoy-noutbuk-17-3-amd-ryzen-9-7940hx-ram-32-gb-ssd-nvidia-geforce-rtx-1826945055/', 80, 'NUMBER', '240', 'ГЦ');
INSERT INTO public.product_attribute (product_url, attribute_id, value_type, value, unit) VALUES ('https://www.ozon.ru/product/msi-alpha-17-c7vg-046cn-igrovoy-noutbuk-17-3-amd-ryzen-9-7940hx-ram-32-gb-ssd-nvidia-geforce-rtx-1826945055/', 81, 'STRING', 'Нет', null);
INSERT INTO public.product_attribute (product_url, attribute_id, value_type, value, unit) VALUES ('https://www.ozon.ru/product/msi-alpha-17-c7vg-046cn-igrovoy-noutbuk-17-3-amd-ryzen-9-7940hx-ram-32-gb-ssd-nvidia-geforce-rtx-1826945055/', 82, 'STRING', 'NVIDIA GeForce RTX 4070 для ноутбуков (8 Гб)', 'ГБ');
INSERT INTO public.product_attribute (product_url, attribute_id, value_type, value, unit) VALUES ('https://www.ozon.ru/product/msi-alpha-17-c7vg-046cn-igrovoy-noutbuk-17-3-amd-ryzen-9-7940hx-ram-32-gb-ssd-nvidia-geforce-rtx-1826945055/', 83, 'STRING', 'Встроенная', null);
INSERT INTO public.product_attribute (product_url, attribute_id, value_type, value, unit) VALUES ('https://www.ozon.ru/product/msi-alpha-17-c7vg-046cn-igrovoy-noutbuk-17-3-amd-ryzen-9-7940hx-ram-32-gb-ssd-nvidia-geforce-rtx-1826945055/', 84, 'STRING', 'NVIDIA', null);
INSERT INTO public.product_attribute (product_url, attribute_id, value_type, value, unit) VALUES ('https://www.ozon.ru/product/msi-alpha-17-c7vg-046cn-igrovoy-noutbuk-17-3-amd-ryzen-9-7940hx-ram-32-gb-ssd-nvidia-geforce-rtx-1826945055/', 85, 'NUMBER', '8', 'ГБ');
INSERT INTO public.product_attribute (product_url, attribute_id, value_type, value, unit) VALUES ('https://www.ozon.ru/product/msi-alpha-17-c7vg-046cn-igrovoy-noutbuk-17-3-amd-ryzen-9-7940hx-ram-32-gb-ssd-nvidia-geforce-rtx-1826945055/', 92, 'NUMBER', '32', 'ГБ');
INSERT INTO public.product_attribute (product_url, attribute_id, value_type, value, unit) VALUES ('https://www.ozon.ru/product/msi-alpha-17-c7vg-046cn-igrovoy-noutbuk-17-3-amd-ryzen-9-7940hx-ram-32-gb-ssd-nvidia-geforce-rtx-1826945055/', 93, 'STRING', 'DDR5', null);
INSERT INTO public.product_attribute (product_url, attribute_id, value_type, value, unit) VALUES ('https://www.ozon.ru/product/msi-alpha-17-c7vg-046cn-igrovoy-noutbuk-17-3-amd-ryzen-9-7940hx-ram-32-gb-ssd-nvidia-geforce-rtx-1826945055/', 94, 'STRING', '96 ГБ', 'ГБ');
INSERT INTO public.product_attribute (product_url, attribute_id, value_type, value, unit) VALUES ('https://www.ozon.ru/product/msi-alpha-17-c7vg-046cn-igrovoy-noutbuk-17-3-amd-ryzen-9-7940hx-ram-32-gb-ssd-nvidia-geforce-rtx-1826945055/', 225, 'NUMBER', '1024', 'ГБ');
INSERT INTO public.product_attribute (product_url, attribute_id, value_type, value, unit) VALUES ('https://www.ozon.ru/product/msi-alpha-17-c7vg-046cn-igrovoy-noutbuk-17-3-amd-ryzen-9-7940hx-ram-32-gb-ssd-nvidia-geforce-rtx-1826945055/', 227, 'STRING', 'SSD', null);
INSERT INTO public.product_attribute (product_url, attribute_id, value_type, value, unit) VALUES ('https://www.ozon.ru/product/msi-alpha-17-c7vg-046cn-igrovoy-noutbuk-17-3-amd-ryzen-9-7940hx-ram-32-gb-ssd-nvidia-geforce-rtx-1826945055/', 228, 'NUMBER', '1', null);
INSERT INTO public.product_attribute (product_url, attribute_id, value_type, value, unit) VALUES ('https://www.ozon.ru/product/msi-alpha-17-c7vg-046cn-igrovoy-noutbuk-17-3-amd-ryzen-9-7940hx-ram-32-gb-ssd-nvidia-geforce-rtx-1826945055/', 230, 'STRING', 'M.2', null);
INSERT INTO public.product_attribute (product_url, attribute_id, value_type, value, unit) VALUES ('https://www.ozon.ru/product/msi-alpha-17-c7vg-046cn-igrovoy-noutbuk-17-3-amd-ryzen-9-7940hx-ram-32-gb-ssd-nvidia-geforce-rtx-1826946332/', 70, 'STRING', 'AMD Ryzen 9 7940HX', null);
INSERT INTO public.product_attribute (product_url, attribute_id, value_type, value, unit) VALUES ('https://www.ozon.ru/product/msi-alpha-17-c7vg-046cn-igrovoy-noutbuk-17-3-amd-ryzen-9-7940hx-ram-32-gb-ssd-nvidia-geforce-rtx-1826946332/', 71, 'STRING', 'AMD', null);
INSERT INTO public.product_attribute (product_url, attribute_id, value_type, value, unit) VALUES ('https://www.ozon.ru/product/msi-alpha-17-c7vg-046cn-igrovoy-noutbuk-17-3-amd-ryzen-9-7940hx-ram-32-gb-ssd-nvidia-geforce-rtx-1826946332/', 72, 'STRING', 'AMD Ryzen 9', null);
INSERT INTO public.product_attribute (product_url, attribute_id, value_type, value, unit) VALUES ('https://www.ozon.ru/product/msi-alpha-17-c7vg-046cn-igrovoy-noutbuk-17-3-amd-ryzen-9-7940hx-ram-32-gb-ssd-nvidia-geforce-rtx-1826946332/', 73, 'NUMBER', '2.3', 'ГГц');
INSERT INTO public.product_attribute (product_url, attribute_id, value_type, value, unit) VALUES ('https://www.ozon.ru/product/msi-alpha-17-c7vg-046cn-igrovoy-noutbuk-17-3-amd-ryzen-9-7940hx-ram-32-gb-ssd-nvidia-geforce-rtx-1826946332/', 74, 'NUMBER', '16', null);
INSERT INTO public.product_attribute (product_url, attribute_id, value_type, value, unit) VALUES ('https://www.ozon.ru/product/msi-alpha-17-c7vg-046cn-igrovoy-noutbuk-17-3-amd-ryzen-9-7940hx-ram-32-gb-ssd-nvidia-geforce-rtx-1826946332/', 76, 'NUMBER', '17.3', 'дюймы');
INSERT INTO public.product_attribute (product_url, attribute_id, value_type, value, unit) VALUES ('https://www.ozon.ru/product/msi-alpha-17-c7vg-046cn-igrovoy-noutbuk-17-3-amd-ryzen-9-7940hx-ram-32-gb-ssd-nvidia-geforce-rtx-1826946332/', 77, 'STRING', 'IPS', null);
INSERT INTO public.product_attribute (product_url, attribute_id, value_type, value, unit) VALUES ('https://www.ozon.ru/product/msi-alpha-17-c7vg-046cn-igrovoy-noutbuk-17-3-amd-ryzen-9-7940hx-ram-32-gb-ssd-nvidia-geforce-rtx-1826946332/', 78, 'STRING', 'Матовое', null);
INSERT INTO public.product_attribute (product_url, attribute_id, value_type, value, unit) VALUES ('https://www.ozon.ru/product/msi-alpha-17-c7vg-046cn-igrovoy-noutbuk-17-3-amd-ryzen-9-7940hx-ram-32-gb-ssd-nvidia-geforce-rtx-1826946332/', 79, 'STRING', '2560x1440', null);
INSERT INTO public.product_attribute (product_url, attribute_id, value_type, value, unit) VALUES ('https://www.ozon.ru/product/msi-alpha-17-c7vg-046cn-igrovoy-noutbuk-17-3-amd-ryzen-9-7940hx-ram-32-gb-ssd-nvidia-geforce-rtx-1826946332/', 80, 'NUMBER', '240', 'ГЦ');
INSERT INTO public.product_attribute (product_url, attribute_id, value_type, value, unit) VALUES ('https://www.ozon.ru/product/msi-alpha-17-c7vg-046cn-igrovoy-noutbuk-17-3-amd-ryzen-9-7940hx-ram-32-gb-ssd-nvidia-geforce-rtx-1826946332/', 81, 'STRING', 'Нет', null);
INSERT INTO public.product_attribute (product_url, attribute_id, value_type, value, unit) VALUES ('https://www.ozon.ru/product/msi-alpha-17-c7vg-046cn-igrovoy-noutbuk-17-3-amd-ryzen-9-7940hx-ram-32-gb-ssd-nvidia-geforce-rtx-1826946332/', 82, 'STRING', 'NVIDIA GeForce RTX 4070 для ноутбуков (8 Гб)', 'ГБ');
INSERT INTO public.product_attribute (product_url, attribute_id, value_type, value, unit) VALUES ('https://www.ozon.ru/product/msi-alpha-17-c7vg-046cn-igrovoy-noutbuk-17-3-amd-ryzen-9-7940hx-ram-32-gb-ssd-nvidia-geforce-rtx-1826946332/', 83, 'STRING', 'Встроенная', null);
INSERT INTO public.product_attribute (product_url, attribute_id, value_type, value, unit) VALUES ('https://www.ozon.ru/product/msi-alpha-17-c7vg-046cn-igrovoy-noutbuk-17-3-amd-ryzen-9-7940hx-ram-32-gb-ssd-nvidia-geforce-rtx-1826946332/', 84, 'STRING', 'NVIDIA', null);
INSERT INTO public.product_attribute (product_url, attribute_id, value_type, value, unit) VALUES ('https://www.ozon.ru/product/msi-alpha-17-c7vg-046cn-igrovoy-noutbuk-17-3-amd-ryzen-9-7940hx-ram-32-gb-ssd-nvidia-geforce-rtx-1826946332/', 85, 'NUMBER', '8', 'ГБ');
INSERT INTO public.product_attribute (product_url, attribute_id, value_type, value, unit) VALUES ('https://www.ozon.ru/product/msi-alpha-17-c7vg-046cn-igrovoy-noutbuk-17-3-amd-ryzen-9-7940hx-ram-32-gb-ssd-nvidia-geforce-rtx-1826946332/', 92, 'NUMBER', '32', 'ГБ');
INSERT INTO public.product_attribute (product_url, attribute_id, value_type, value, unit) VALUES ('https://www.ozon.ru/product/msi-alpha-17-c7vg-046cn-igrovoy-noutbuk-17-3-amd-ryzen-9-7940hx-ram-32-gb-ssd-nvidia-geforce-rtx-1826946332/', 93, 'STRING', 'DDR5', null);
INSERT INTO public.product_attribute (product_url, attribute_id, value_type, value, unit) VALUES ('https://www.ozon.ru/product/msi-alpha-17-c7vg-046cn-igrovoy-noutbuk-17-3-amd-ryzen-9-7940hx-ram-32-gb-ssd-nvidia-geforce-rtx-1826946332/', 94, 'STRING', '96 ГБ', 'ГБ');
INSERT INTO public.product_attribute (product_url, attribute_id, value_type, value, unit) VALUES ('https://www.ozon.ru/product/msi-alpha-17-c7vg-046cn-igrovoy-noutbuk-17-3-amd-ryzen-9-7940hx-ram-32-gb-ssd-nvidia-geforce-rtx-1826946332/', 225, 'NUMBER', '2048', 'ГБ');
INSERT INTO public.product_attribute (product_url, attribute_id, value_type, value, unit) VALUES ('https://www.ozon.ru/product/msi-alpha-17-c7vg-046cn-igrovoy-noutbuk-17-3-amd-ryzen-9-7940hx-ram-32-gb-ssd-nvidia-geforce-rtx-1826946332/', 227, 'STRING', 'SSD', null);
INSERT INTO public.product_attribute (product_url, attribute_id, value_type, value, unit) VALUES ('https://www.ozon.ru/product/msi-alpha-17-c7vg-046cn-igrovoy-noutbuk-17-3-amd-ryzen-9-7940hx-ram-32-gb-ssd-nvidia-geforce-rtx-1826946332/', 228, 'NUMBER', '2', null);
INSERT INTO public.product_attribute (product_url, attribute_id, value_type, value, unit) VALUES ('https://www.ozon.ru/product/msi-alpha-17-c7vg-046cn-igrovoy-noutbuk-17-3-amd-ryzen-9-7940hx-ram-32-gb-ssd-nvidia-geforce-rtx-1826946332/', 230, 'STRING', 'M.2', null);
INSERT INTO public.product_attribute (product_url, attribute_id, value_type, value, unit) VALUES ('https://www.ozon.ru/product/msi-alpha-17-c7vg-046cn-igrovoy-noutbuk-17-3-amd-ryzen-9-7940hx-ram-64-gb-ssd-nvidia-geforce-rtx-1826944978/', 70, 'STRING', 'AMD Ryzen 9 7940HX', null);
INSERT INTO public.product_attribute (product_url, attribute_id, value_type, value, unit) VALUES ('https://www.ozon.ru/product/msi-alpha-17-c7vg-046cn-igrovoy-noutbuk-17-3-amd-ryzen-9-7940hx-ram-64-gb-ssd-nvidia-geforce-rtx-1826944978/', 71, 'STRING', 'AMD', null);
INSERT INTO public.product_attribute (product_url, attribute_id, value_type, value, unit) VALUES ('https://www.ozon.ru/product/msi-alpha-17-c7vg-046cn-igrovoy-noutbuk-17-3-amd-ryzen-9-7940hx-ram-64-gb-ssd-nvidia-geforce-rtx-1826944978/', 72, 'STRING', 'AMD Ryzen 9', null);
INSERT INTO public.product_attribute (product_url, attribute_id, value_type, value, unit) VALUES ('https://www.ozon.ru/product/msi-alpha-17-c7vg-046cn-igrovoy-noutbuk-17-3-amd-ryzen-9-7940hx-ram-64-gb-ssd-nvidia-geforce-rtx-1826944978/', 73, 'NUMBER', '2.3', 'ГГц');
INSERT INTO public.product_attribute (product_url, attribute_id, value_type, value, unit) VALUES ('https://www.ozon.ru/product/msi-alpha-17-c7vg-046cn-igrovoy-noutbuk-17-3-amd-ryzen-9-7940hx-ram-64-gb-ssd-nvidia-geforce-rtx-1826944978/', 74, 'NUMBER', '16', null);
INSERT INTO public.product_attribute (product_url, attribute_id, value_type, value, unit) VALUES ('https://www.ozon.ru/product/msi-alpha-17-c7vg-046cn-igrovoy-noutbuk-17-3-amd-ryzen-9-7940hx-ram-64-gb-ssd-nvidia-geforce-rtx-1826944978/', 76, 'NUMBER', '17.3', 'дюймы');
INSERT INTO public.product_attribute (product_url, attribute_id, value_type, value, unit) VALUES ('https://www.ozon.ru/product/msi-alpha-17-c7vg-046cn-igrovoy-noutbuk-17-3-amd-ryzen-9-7940hx-ram-64-gb-ssd-nvidia-geforce-rtx-1826944978/', 77, 'STRING', 'IPS', null);
INSERT INTO public.product_attribute (product_url, attribute_id, value_type, value, unit) VALUES ('https://www.ozon.ru/product/msi-alpha-17-c7vg-046cn-igrovoy-noutbuk-17-3-amd-ryzen-9-7940hx-ram-64-gb-ssd-nvidia-geforce-rtx-1826944978/', 78, 'STRING', 'Матовое', null);
INSERT INTO public.product_attribute (product_url, attribute_id, value_type, value, unit) VALUES ('https://www.ozon.ru/product/msi-alpha-17-c7vg-046cn-igrovoy-noutbuk-17-3-amd-ryzen-9-7940hx-ram-64-gb-ssd-nvidia-geforce-rtx-1826944978/', 79, 'STRING', '2560x1440', null);
INSERT INTO public.product_attribute (product_url, attribute_id, value_type, value, unit) VALUES ('https://www.ozon.ru/product/msi-alpha-17-c7vg-046cn-igrovoy-noutbuk-17-3-amd-ryzen-9-7940hx-ram-64-gb-ssd-nvidia-geforce-rtx-1826944978/', 80, 'NUMBER', '240', 'ГЦ');
INSERT INTO public.product_attribute (product_url, attribute_id, value_type, value, unit) VALUES ('https://www.ozon.ru/product/msi-alpha-17-c7vg-046cn-igrovoy-noutbuk-17-3-amd-ryzen-9-7940hx-ram-64-gb-ssd-nvidia-geforce-rtx-1826944978/', 81, 'STRING', 'Нет', null);
INSERT INTO public.product_attribute (product_url, attribute_id, value_type, value, unit) VALUES ('https://www.ozon.ru/product/msi-alpha-17-c7vg-046cn-igrovoy-noutbuk-17-3-amd-ryzen-9-7940hx-ram-64-gb-ssd-nvidia-geforce-rtx-1826944978/', 82, 'STRING', 'NVIDIA GeForce RTX 4070 для ноутбуков (8 Гб)', 'ГБ');
INSERT INTO public.product_attribute (product_url, attribute_id, value_type, value, unit) VALUES ('https://www.ozon.ru/product/msi-alpha-17-c7vg-046cn-igrovoy-noutbuk-17-3-amd-ryzen-9-7940hx-ram-64-gb-ssd-nvidia-geforce-rtx-1826944978/', 83, 'STRING', 'Встроенная', null);
INSERT INTO public.product_attribute (product_url, attribute_id, value_type, value, unit) VALUES ('https://www.ozon.ru/product/msi-alpha-17-c7vg-046cn-igrovoy-noutbuk-17-3-amd-ryzen-9-7940hx-ram-64-gb-ssd-nvidia-geforce-rtx-1826944978/', 84, 'STRING', 'NVIDIA', null);
INSERT INTO public.product_attribute (product_url, attribute_id, value_type, value, unit) VALUES ('https://www.ozon.ru/product/msi-alpha-17-c7vg-046cn-igrovoy-noutbuk-17-3-amd-ryzen-9-7940hx-ram-64-gb-ssd-nvidia-geforce-rtx-1826944978/', 85, 'NUMBER', '8', 'ГБ');
INSERT INTO public.product_attribute (product_url, attribute_id, value_type, value, unit) VALUES ('https://www.ozon.ru/product/msi-alpha-17-c7vg-046cn-igrovoy-noutbuk-17-3-amd-ryzen-9-7940hx-ram-64-gb-ssd-nvidia-geforce-rtx-1826944978/', 92, 'NUMBER', '64', 'ГБ');
INSERT INTO public.product_attribute (product_url, attribute_id, value_type, value, unit) VALUES ('https://www.ozon.ru/product/msi-alpha-17-c7vg-046cn-igrovoy-noutbuk-17-3-amd-ryzen-9-7940hx-ram-64-gb-ssd-nvidia-geforce-rtx-1826944978/', 93, 'STRING', 'DDR5', null);
INSERT INTO public.product_attribute (product_url, attribute_id, value_type, value, unit) VALUES ('https://www.ozon.ru/product/msi-alpha-17-c7vg-046cn-igrovoy-noutbuk-17-3-amd-ryzen-9-7940hx-ram-64-gb-ssd-nvidia-geforce-rtx-1826944978/', 94, 'STRING', '96 ГБ', 'ГБ');
INSERT INTO public.product_attribute (product_url, attribute_id, value_type, value, unit) VALUES ('https://www.ozon.ru/product/msi-alpha-17-c7vg-046cn-igrovoy-noutbuk-17-3-amd-ryzen-9-7940hx-ram-64-gb-ssd-nvidia-geforce-rtx-1826944978/', 225, 'NUMBER', '2048', 'ГБ');
INSERT INTO public.product_attribute (product_url, attribute_id, value_type, value, unit) VALUES ('https://www.ozon.ru/product/msi-alpha-17-c7vg-046cn-igrovoy-noutbuk-17-3-amd-ryzen-9-7940hx-ram-64-gb-ssd-nvidia-geforce-rtx-1826944978/', 227, 'STRING', 'SSD', null);
INSERT INTO public.product_attribute (product_url, attribute_id, value_type, value, unit) VALUES ('https://www.ozon.ru/product/msi-alpha-17-c7vg-046cn-igrovoy-noutbuk-17-3-amd-ryzen-9-7940hx-ram-64-gb-ssd-nvidia-geforce-rtx-1826944978/', 228, 'NUMBER', '2', null);
INSERT INTO public.product_attribute (product_url, attribute_id, value_type, value, unit) VALUES ('https://www.ozon.ru/product/msi-alpha-17-c7vg-046cn-igrovoy-noutbuk-17-3-amd-ryzen-9-7940hx-ram-64-gb-ssd-nvidia-geforce-rtx-1826944978/', 230, 'STRING', 'M.2', null);
INSERT INTO public.product_attribute (product_url, attribute_id, value_type, value, unit) VALUES ('https://www.ozon.ru/product/msi-alpha-17-c7vg-046cn-igrovoy-noutbuk-17-3-amd-ryzen-9-7940hx-ram-64-gb-ssd-nvidia-geforce-rtx-1826945940/', 70, 'STRING', 'AMD Ryzen 9 7940HX', null);
INSERT INTO public.product_attribute (product_url, attribute_id, value_type, value, unit) VALUES ('https://www.ozon.ru/product/msi-alpha-17-c7vg-046cn-igrovoy-noutbuk-17-3-amd-ryzen-9-7940hx-ram-64-gb-ssd-nvidia-geforce-rtx-1826945940/', 71, 'STRING', 'AMD', null);
INSERT INTO public.product_attribute (product_url, attribute_id, value_type, value, unit) VALUES ('https://www.ozon.ru/product/msi-alpha-17-c7vg-046cn-igrovoy-noutbuk-17-3-amd-ryzen-9-7940hx-ram-64-gb-ssd-nvidia-geforce-rtx-1826945940/', 72, 'STRING', 'AMD Ryzen 9', null);
INSERT INTO public.product_attribute (product_url, attribute_id, value_type, value, unit) VALUES ('https://www.ozon.ru/product/msi-alpha-17-c7vg-046cn-igrovoy-noutbuk-17-3-amd-ryzen-9-7940hx-ram-64-gb-ssd-nvidia-geforce-rtx-1826945940/', 73, 'NUMBER', '2.3', 'ГГц');
INSERT INTO public.product_attribute (product_url, attribute_id, value_type, value, unit) VALUES ('https://www.ozon.ru/product/msi-alpha-17-c7vg-046cn-igrovoy-noutbuk-17-3-amd-ryzen-9-7940hx-ram-64-gb-ssd-nvidia-geforce-rtx-1826945940/', 74, 'NUMBER', '16', null);
INSERT INTO public.product_attribute (product_url, attribute_id, value_type, value, unit) VALUES ('https://www.ozon.ru/product/msi-alpha-17-c7vg-046cn-igrovoy-noutbuk-17-3-amd-ryzen-9-7940hx-ram-64-gb-ssd-nvidia-geforce-rtx-1826945940/', 76, 'NUMBER', '17.3', 'дюймы');
INSERT INTO public.product_attribute (product_url, attribute_id, value_type, value, unit) VALUES ('https://www.ozon.ru/product/msi-alpha-17-c7vg-046cn-igrovoy-noutbuk-17-3-amd-ryzen-9-7940hx-ram-64-gb-ssd-nvidia-geforce-rtx-1826945940/', 77, 'STRING', 'IPS', null);
INSERT INTO public.product_attribute (product_url, attribute_id, value_type, value, unit) VALUES ('https://www.ozon.ru/product/msi-alpha-17-c7vg-046cn-igrovoy-noutbuk-17-3-amd-ryzen-9-7940hx-ram-64-gb-ssd-nvidia-geforce-rtx-1826945940/', 78, 'STRING', 'Матовое', null);
INSERT INTO public.product_attribute (product_url, attribute_id, value_type, value, unit) VALUES ('https://www.ozon.ru/product/msi-alpha-17-c7vg-046cn-igrovoy-noutbuk-17-3-amd-ryzen-9-7940hx-ram-64-gb-ssd-nvidia-geforce-rtx-1826945940/', 79, 'STRING', '2560x1440', null);
INSERT INTO public.product_attribute (product_url, attribute_id, value_type, value, unit) VALUES ('https://www.ozon.ru/product/msi-alpha-17-c7vg-046cn-igrovoy-noutbuk-17-3-amd-ryzen-9-7940hx-ram-64-gb-ssd-nvidia-geforce-rtx-1826945940/', 80, 'NUMBER', '240', 'ГЦ');
INSERT INTO public.product_attribute (product_url, attribute_id, value_type, value, unit) VALUES ('https://www.ozon.ru/product/msi-alpha-17-c7vg-046cn-igrovoy-noutbuk-17-3-amd-ryzen-9-7940hx-ram-64-gb-ssd-nvidia-geforce-rtx-1826945940/', 81, 'STRING', 'Нет', null);
INSERT INTO public.product_attribute (product_url, attribute_id, value_type, value, unit) VALUES ('https://www.ozon.ru/product/msi-alpha-17-c7vg-046cn-igrovoy-noutbuk-17-3-amd-ryzen-9-7940hx-ram-64-gb-ssd-nvidia-geforce-rtx-1826945940/', 82, 'STRING', 'NVIDIA GeForce RTX 4070 для ноутбуков (8 Гб)', 'ГБ');
INSERT INTO public.product_attribute (product_url, attribute_id, value_type, value, unit) VALUES ('https://www.ozon.ru/product/msi-alpha-17-c7vg-046cn-igrovoy-noutbuk-17-3-amd-ryzen-9-7940hx-ram-64-gb-ssd-nvidia-geforce-rtx-1826945940/', 83, 'STRING', 'Встроенная', null);
INSERT INTO public.product_attribute (product_url, attribute_id, value_type, value, unit) VALUES ('https://www.ozon.ru/product/msi-alpha-17-c7vg-046cn-igrovoy-noutbuk-17-3-amd-ryzen-9-7940hx-ram-64-gb-ssd-nvidia-geforce-rtx-1826945940/', 84, 'STRING', 'NVIDIA', null);
INSERT INTO public.product_attribute (product_url, attribute_id, value_type, value, unit) VALUES ('https://www.ozon.ru/product/msi-alpha-17-c7vg-046cn-igrovoy-noutbuk-17-3-amd-ryzen-9-7940hx-ram-64-gb-ssd-nvidia-geforce-rtx-1826945940/', 85, 'NUMBER', '8', 'ГБ');
INSERT INTO public.product_attribute (product_url, attribute_id, value_type, value, unit) VALUES ('https://www.ozon.ru/product/msi-alpha-17-c7vg-046cn-igrovoy-noutbuk-17-3-amd-ryzen-9-7940hx-ram-64-gb-ssd-nvidia-geforce-rtx-1826945940/', 92, 'NUMBER', '64', 'ГБ');
INSERT INTO public.product_attribute (product_url, attribute_id, value_type, value, unit) VALUES ('https://www.ozon.ru/product/msi-alpha-17-c7vg-046cn-igrovoy-noutbuk-17-3-amd-ryzen-9-7940hx-ram-64-gb-ssd-nvidia-geforce-rtx-1826945940/', 93, 'STRING', 'DDR5', null);
INSERT INTO public.product_attribute (product_url, attribute_id, value_type, value, unit) VALUES ('https://www.ozon.ru/product/msi-alpha-17-c7vg-046cn-igrovoy-noutbuk-17-3-amd-ryzen-9-7940hx-ram-64-gb-ssd-nvidia-geforce-rtx-1826945940/', 94, 'STRING', '96 ГБ', 'ГБ');
INSERT INTO public.product_attribute (product_url, attribute_id, value_type, value, unit) VALUES ('https://www.ozon.ru/product/msi-alpha-17-c7vg-046cn-igrovoy-noutbuk-17-3-amd-ryzen-9-7940hx-ram-64-gb-ssd-nvidia-geforce-rtx-1826945940/', 225, 'NUMBER', '4096', 'ГБ');
INSERT INTO public.product_attribute (product_url, attribute_id, value_type, value, unit) VALUES ('https://www.ozon.ru/product/msi-alpha-17-c7vg-046cn-igrovoy-noutbuk-17-3-amd-ryzen-9-7940hx-ram-64-gb-ssd-nvidia-geforce-rtx-1826945940/', 227, 'STRING', 'SSD', null);
INSERT INTO public.product_attribute (product_url, attribute_id, value_type, value, unit) VALUES ('https://www.ozon.ru/product/msi-alpha-17-c7vg-046cn-igrovoy-noutbuk-17-3-amd-ryzen-9-7940hx-ram-64-gb-ssd-nvidia-geforce-rtx-1826945940/', 228, 'NUMBER', '2', null);
INSERT INTO public.product_attribute (product_url, attribute_id, value_type, value, unit) VALUES ('https://www.ozon.ru/product/msi-alpha-17-c7vg-046cn-igrovoy-noutbuk-17-3-amd-ryzen-9-7940hx-ram-64-gb-ssd-nvidia-geforce-rtx-1826945940/', 230, 'STRING', 'M.2', null);

INSERT INTO public.price_history (product_url, price, date) VALUES ('https://www.ozon.ru/product/msi-alpha-17-c7vg-046cn-igrovoy-noutbuk-17-3-amd-ryzen-9-7940hx-ram-32-gb-ssd-nvidia-geforce-rtx-1826945055/', 124416.00, '2025-04-22 19:37:42.803743 +00:00');
INSERT INTO public.price_history (product_url, price, date) VALUES ('https://www.ozon.ru/product/msi-alpha-17-c7vg-046cn-igrovoy-noutbuk-17-3-amd-ryzen-9-7940hx-ram-16-gb-ssd-nvidia-geforce-rtx-1826946264/', 118910.00, '2025-04-22 19:37:42.996158 +00:00');
INSERT INTO public.price_history (product_url, price, date) VALUES ('https://www.ozon.ru/product/msi-alpha-17-c7vf-060cn-igrovoy-noutbuk-17-3-amd-ryzen-9-7940hx-ram-32-gb-ssd-1024-gb-nvidia-geforce-1803938353/', 117820.00, '2025-04-22 19:37:46.147430 +00:00');
INSERT INTO public.price_history (product_url, price, date) VALUES ('https://www.ozon.ru/product/msi-alpha-17-c7vg-046cn-igrovoy-noutbuk-17-3-amd-ryzen-9-7940hx-ram-32-gb-ssd-nvidia-geforce-rtx-1826946332/', 131023.00, '2025-04-22 19:39:08.747975 +00:00');
INSERT INTO public.price_history (product_url, price, date) VALUES ('https://www.ozon.ru/product/msi-alpha-17-c7vg-046cn-igrovoy-noutbuk-17-3-amd-ryzen-9-7940hx-ram-64-gb-ssd-nvidia-geforce-rtx-1826944978/', 140933.00, '2025-04-22 19:39:10.105521 +00:00');
INSERT INTO public.price_history (product_url, price, date) VALUES ('https://www.ozon.ru/product/msi-alpha-17-c7vg-046cn-igrovoy-noutbuk-17-3-amd-ryzen-9-7940hx-ram-64-gb-ssd-nvidia-geforce-rtx-1826945940/', 153045.00, '2025-04-22 19:39:15.201579 +00:00');
INSERT INTO public.price_history (product_url, price, date) VALUES ('https://www.ozon.ru/product/msi-alpha-17-c7vg-046cn-igrovoy-noutbuk-17-3-amd-ryzen-9-7940hx-ram-16-gb-ssd-nvidia-geforce-1809461896/', 123326.00, '2025-04-22 19:39:16.224853 +00:00');